Fold,RMSE,MAE,R2
1,41.87715129735128,31.84986114501953,-0.005912423133850098
2,58.70605071562045,44.0733642578125,-0.06589889526367188
3,64.68334829672162,57.52701950073242,-0.07004988193511963
4,93.87189991552317,69.29786682128906,-0.34749436378479004
5,113.46259192185326,89.44252014160156,-0.2387094497680664
